Date,Close
,AAPL
2020-01-02,72.7960205078125
2020-01-03,72.08828735351562
2020-01-06,72.66271209716797
2020-01-07,72.32097625732422
2020-01-08,73.48434448242188
2020-01-09,75.04521942138672
2020-01-10,75.2148666381836
2020-01-13,76.82178497314453
2020-01-14,75.78443908691406
2020-01-15,75.45967864990234
2020-01-16,76.4049072265625
2020-01-17,77.25078582763672
2020-01-21,76.7272720336914
2020-01-22,77.00115966796875
2020-01-23,77.37200164794922
2020-01-24,77.14900970458984
2020-01-27,74.88040924072266
2020-01-28,76.99873352050781
2020-01-29,78.6104965209961
2020-01-30,78.49657440185547
2020-01-31,75.01612091064453
2020-02-03,74.81012725830078
2020-02-04,77.27987670898438
2020-02-05,77.91004180908203
2020-02-06,78.82135009765625
2020-02-07,77.74994659423828
2020-02-10,78.11923217773438
2020-02-11,77.6479263305664
2020-02-12,79.49188995361328
2020-02-13,78.92582702636719
2020-02-14,78.94526672363281
2020-02-18,77.49971771240234
2020-02-19,78.62213897705078
2020-02-20,77.81553649902344
2020-02-21,76.05419921875
2020-02-24,72.44158935546875
2020-02-25,69.98783111572266
2020-02-26,71.09811401367188
2020-02-27,66.4505386352539
2020-02-28,66.41167449951172
2020-03-02,72.59464263916016
2020-03-03,70.28910064697266
2020-03-04,73.54943084716797
2020-03-05,71.1637191772461
2020-03-06,70.21863555908203
2020-03-09,64.66490936279297
2020-03-10,69.32215881347656
2020-03-11,66.9145736694336
2020-03-12,60.30644989013672
2020-03-13,67.53164672851562
2020-03-16,58.843910217285156
2020-03-17,61.431278228759766
2020-03-18,59.92744445800781
2020-03-19,59.46828079223633
2020-03-20,55.692901611328125
2020-03-23,54.50975799560547
2020-03-24,59.97847366333008
2020-03-25,59.64806365966797
2020-03-26,62.786930084228516
2020-03-27,60.18740463256836
2020-03-30,61.905029296875
2020-03-31,61.77869415283203
2020-04-01,58.52809143066406
2020-04-02,59.50472640991211
2020-04-03,58.649559020996094
2020-04-06,63.76601028442383
2020-04-07,63.02743148803711
2020-04-08,64.64059448242188
2020-04-09,65.10704040527344
2020-04-13,66.38494110107422
2020-04-14,69.73758697509766
2020-04-15,69.1010971069336
2020-04-16,69.65013122558594
2020-04-17,68.705078125
2020-04-20,67.27899169921875
2020-04-21,65.1993637084961
2020-04-22,67.07734680175781
2020-04-23,66.81739044189453
2020-04-24,68.74639129638672
2020-04-27,68.79497528076172
2020-04-28,67.67985534667969
2020-04-29,69.9028091430664
2020-04-30,71.37750244140625
2020-05-01,70.22835540771484
2020-05-04,71.22200012207031
2020-05-05,72.29096984863281
2020-05-06,73.03680419921875
2020-05-07,73.7923812866211
2020-05-08,75.54875183105469
2020-05-11,76.73753356933594
2020-05-12,75.86055755615234
2020-05-13,74.9446029663086
2020-05-14,75.4050064086914
2020-05-15,74.959228515625
2020-05-18,76.72534942626953
2020-05-19,76.2820053100586
2020-05-20,77.76554870605469
2020-05-21,77.18575286865234
2020-05-22,77.6827163696289
2020-05-26,77.15653228759766
2020-05-27,77.49271392822266
2020-05-28,77.52681732177734
2020-05-29,77.4512939453125
2020-06-01,78.4037857055664
2020-06-02,78.76676177978516
2020-06-03,79.20037841796875
2020-06-04,78.51827239990234
2020-06-05,80.75454711914062
2020-06-08,81.23200988769531
2020-06-09,83.7971420288086
2020-06-10,85.95304107666016
2020-06-11,81.826416015625
2020-06-12,82.5328598022461
2020-06-15,83.55355834960938
2020-06-16,85.7679214477539
2020-06-17,85.6485595703125
2020-06-18,85.68266296386719
2020-06-19,85.1930160522461
2020-06-22,87.42198181152344
2020-06-23,89.2879867553711
2020-06-24,87.71186828613281
2020-06-25,88.87629699707031
2020-06-26,86.14551544189453
2020-06-29,88.13087463378906
2020-06-30,88.86656951904297
2020-07-01,88.69845581054688
2020-07-02,88.69845581054688
2020-07-06,91.07115173339844
2020-07-07,90.78858947753906
2020-07-08,92.903076171875
2020-07-09,93.30256652832031
2020-07-10,93.4657974243164
2020-07-13,93.03462219238281
2020-07-14,94.57418823242188
2020-07-15,95.22461700439453
2020-07-16,94.0528793334961
2020-07-17,93.86285400390625
2020-07-20,95.84092712402344
2020-07-21,94.51815795898438
2020-07-22,94.78368377685547
2020-07-23,90.4694595336914
2020-07-24,90.24535369873047
2020-07-27,92.38418579101562
2020-07-28,90.8665542602539
2020-07-29,92.60832214355469
2020-07-30,93.72888946533203
2020-07-31,103.5412368774414
2020-08-03,106.15021514892578
2020-08-04,106.85911560058594
2020-08-05,107.24642944335938
2020-08-06,110.98818969726562
2020-08-07,108.46478271484375
2020-08-10,110.04129028320312
2020-08-11,106.76868438720703
2020-08-12,110.31706237792969
2020-08-13,112.26942443847656
2020-08-14,112.16936492919922
2020-08-17,111.87650299072266
2020-08-18,112.80875396728516
2020-08-19,112.95030975341797
2020-08-20,115.45660400390625
2020-08-21,121.40635681152344
2020-08-24,122.8584213256836
2020-08-25,121.85052490234375
2020-08-26,123.50758361816406
2020-08-27,122.03113555908203
2020-08-28,121.83342742919922
2020-08-31,125.965087890625
2020-09-01,130.98263549804688
2020-09-02,128.26882934570312
2020-09-03,117.9995346069336
2020-09-04,118.0776138305664
2020-09-08,110.13159942626953
2020-09-09,114.52436065673828
2020-09-10,110.78563690185547
2020-09-11,109.33113098144531
2020-09-14,112.61107635498047
2020-09-15,112.78679656982422
2020-09-16,109.45803833007812
2020-09-17,107.71068572998047
2020-09-18,104.29408264160156
2020-09-21,107.45689392089844
2020-09-22,109.14566040039062
2020-09-23,104.56743621826172
2020-09-24,105.64119720458984
2020-09-25,109.60446166992188
2020-09-28,112.2206039428711
2020-09-29,111.37133026123047
2020-09-30,113.05033874511719
2020-10-01,114.0069808959961
2020-10-02,110.32682037353516
2020-10-05,113.72391510009766
2020-10-06,110.46349334716797
2020-10-07,112.3377456665039
2020-10-08,112.23037719726562
2020-10-09,114.18270874023438
2020-10-12,121.43565368652344
2020-10-13,118.21429443359375
2020-10-14,118.30213928222656
2020-10-15,117.83358764648438
2020-10-16,116.18385314941406
2020-10-19,113.21630096435547
2020-10-20,114.70983123779297
2020-10-21,114.0850830078125
2020-10-22,112.99177551269531
2020-10-23,112.29869842529297
2020-10-26,112.30845642089844
2020-10-27,113.821533203125
2020-10-28,108.5501937866211
2020-10-29,112.57202911376953
2020-10-30,106.2659683227539
2020-11-02,106.17808532714844
2020-11-03,107.80830383300781
2020-11-04,112.21084594726562
2020-11-05,116.19361114501953
2020-11-06,116.06161499023438
2020-11-09,113.74409484863281
2020-11-10,113.40186309814453
2020-11-11,116.84390258789062
2020-11-12,116.57008361816406
2020-11-13,116.61898040771484
2020-11-16,117.6359634399414
2020-11-17,116.74610137939453
2020-11-18,115.4162368774414
2020-11-19,116.01272583007812
2020-11-20,114.74150848388672
2020-11-23,111.32880401611328
2020-11-24,112.61956024169922
2020-11-25,113.46051788330078
2020-11-27,114.00810241699219
2020-11-30,116.41363525390625
2020-12-01,120.00236511230469
2020-12-02,120.35440063476562
2020-12-03,120.21749877929688
2020-12-04,119.54277801513672
2020-12-07,121.00955200195312
2020-12-08,121.62560272216797
2020-12-09,119.08317565917969
2020-12-10,120.51084899902344
2020-12-11,119.6992416381836
2020-12-14,119.08317565917969
2020-12-15,125.048095703125
2020-12-16,124.97966003417969
2020-12-17,125.8499526977539
2020-12-18,123.85511779785156
2020-12-21,125.39033508300781
2020-12-22,128.95953369140625
2020-12-23,128.05992126464844
2020-12-24,129.0475311279297
2020-12-28,133.66299438476562
2020-12-29,131.88328552246094
2020-12-30,130.75875854492188
2020-12-31,129.7515869140625
2021-01-04,126.54419708251953
2021-01-05,128.1087646484375
2021-01-06,123.79645538330078
2021-01-07,128.02078247070312
2021-01-08,129.12574768066406
2021-01-11,126.12373352050781
2021-01-12,125.9477310180664
2021-01-13,127.9914321899414
2021-01-14,126.05528259277344
2021-01-15,124.324462890625
2021-01-19,124.99919891357422
2021-01-20,129.10621643066406
2021-01-21,133.83900451660156
2021-01-22,135.99034118652344
2021-01-25,139.75503540039062
2021-01-26,139.98968505859375
2021-01-27,138.9140625
2021-01-28,134.0541229248047
2021-01-29,129.03775024414062
2021-02-01,131.16941833496094
2021-02-02,132.0006561279297
2021-02-03,130.97389221191406
2021-02-04,134.34747314453125
2021-02-05,133.93130493164062
2021-02-08,134.07818603515625
2021-02-09,133.19679260253906
2021-02-10,132.58963012695312
2021-02-11,132.33497619628906
2021-02-12,132.57003784179688
2021-02-16,130.4351043701172
2021-02-17,128.1337432861328
2021-02-18,127.027099609375
2021-02-19,127.18379211425781
2021-02-22,123.39383697509766
2021-02-23,123.25675201416016
2021-02-24,122.75729370117188
2021-02-25,118.48747253417969
2021-02-26,118.75189971923828
2021-03-01,125.14681243896484
2021-03-02,122.53205871582031
2021-03-03,119.53533935546875
2021-03-04,117.645263671875
2021-03-05,118.90857696533203
2021-03-08,113.95323181152344
2021-03-09,118.58538055419922
2021-03-10,117.49836730957031
2021-03-11,119.43740844726562
2021-03-12,118.52664947509766
2021-03-15,121.42542266845703
2021-03-16,122.97274780273438
2021-03-17,122.17948150634766
2021-03-18,118.0369644165039
2021-03-19,117.50814819335938
2021-03-22,120.83781433105469
2021-03-23,120.00538635253906
2021-03-24,117.60608673095703
2021-03-25,118.09573364257812
2021-03-26,118.70291900634766
2021-03-29,118.87918853759766
2021-03-30,117.42002868652344
2021-03-31,119.62348175048828
2021-04-01,120.45590209960938
2021-04-05,123.29591369628906
2021-04-06,123.59950256347656
2021-04-07,125.2545394897461
2021-04-08,127.6636734008789
2021-04-09,130.2490692138672
2021-04-12,128.5254669189453
2021-04-13,131.64944458007812
2021-04-14,129.29913330078125
2021-04-15,131.7180633544922
2021-04-16,131.3850860595703
2021-04-19,132.0509796142578
2021-04-20,130.35675048828125
2021-04-21,130.7386932373047
2021-04-22,129.21099853515625
2021-04-23,131.54177856445312
2021-04-26,131.9334716796875
2021-04-27,131.61033630371094
2021-04-28,130.81707763671875
2021-04-29,130.71913146972656
2021-04-30,128.7409210205078
2021-05-03,129.798583984375
2021-05-04,125.20558166503906
2021-05-05,125.45040130615234
2021-05-06,127.0564956665039
2021-05-07,127.73338317871094
2021-05-10,124.43726348876953
2021-05-11,123.51515197753906
2021-05-12,120.43486785888672
2021-05-13,122.59302520751953
2021-05-14,125.02584838867188
2021-05-17,123.86830139160156
2021-05-18,122.47530364990234
2021-05-19,122.318359375
2021-05-20,124.88850402832031
2021-05-21,123.04427337646484
2021-05-24,124.6825180053711
2021-05-25,124.48632049560547
2021-05-26,124.43726348876953
2021-05-27,122.89713287353516
2021-05-28,122.23987579345703
2021-06-01,121.9161605834961
2021-06-02,122.68132019042969
2021-06-03,121.19021606445312
2021-06-04,123.49552917480469
2021-06-07,123.50534057617188
2021-06-08,124.329345703125
2021-06-09,124.71195220947266
2021-06-10,123.71134185791016
2021-06-11,124.9277572631836
2021-06-14,127.99821472167969
2021-06-15,127.1741943359375
2021-06-16,127.67450714111328
2021-06-17,129.28329467773438
2021-06-18,127.97860717773438
2021-06-21,129.78358459472656
2021-06-22,131.43167114257812
2021-06-23,131.156982421875
2021-06-24,130.8724822998047
2021-06-25,130.5782012939453
2021-06-28,132.21644592285156
2021-06-29,133.7369384765625
2021-06-30,134.35494995117188
2021-07-01,134.65907287597656
2021-07-02,137.2979278564453
2021-07-06,139.31874084472656
2021-07-07,141.82025146484375
2021-07-08,140.51551818847656
2021-07-09,142.34996032714844
2021-07-12,141.75157165527344
2021-07-13,142.869873046875
2021-07-14,146.31312561035156
2021-07-15,145.65586853027344
2021-07-16,143.60557556152344
2021-07-19,139.7405548095703
2021-07-20,143.37017822265625
2021-07-21,142.63442993164062
2021-07-22,144.0078125
2021-07-23,145.73431396484375
2021-07-26,146.15615844726562
2021-07-27,143.97837829589844
2021-07-28,142.222412109375
2021-07-29,142.869873046875
2021-07-30,143.085693359375
2021-08-02,142.75216674804688
2021-08-03,144.55715942382812
2021-08-04,144.15493774414062
2021-08-05,144.26284790039062
2021-08-06,143.5751495361328
2021-08-09,143.5260467529297
2021-08-10,143.0446319580078
2021-08-11,143.30007934570312
2021-08-12,146.27688598632812
2021-08-13,146.48324584960938
2021-08-16,148.46778869628906
2021-08-17,147.55409240722656
2021-08-18,143.79129028320312
2021-08-19,144.1253204345703
2021-08-20,145.5891876220703
2021-08-23,147.08248901367188
2021-08-24,146.9940643310547
2021-08-25,145.75619506835938
2021-08-26,144.95057678222656
2021-08-27,145.9919891357422
2021-08-30,150.4326629638672
2021-08-31,149.16529846191406
2021-09-01,149.83334350585938
2021-09-02,150.95338439941406
2021-09-03,151.59197998046875
2021-09-07,153.94000244140625
2021-09-08,152.38772583007812
2021-09-09,151.36599731445312
2021-09-10,146.35545349121094
2021-09-13,146.92530822753906
2021-09-14,145.52040100097656
2021-09-15,146.4144287109375
2021-09-16,146.17861938476562
2021-09-17,143.49656677246094
2021-09-20,140.43128967285156
2021-09-21,140.91273498535156
2021-09-22,143.29026794433594
2021-09-23,144.25303649902344
2021-09-24,144.34146118164062
2021-09-27,142.8186798095703
2021-09-28,139.4193878173828
2021-09-29,140.32327270507812
2021-09-30,139.0166015625
2021-10-01,140.14639282226562
2021-10-04,136.69801330566406
2021-10-05,138.63343811035156
2021-10-06,139.50779724121094
2021-10-07,140.7751922607422
2021-10-08,140.3920440673828
2021-10-11,140.30357360839844
2021-10-12,139.0264129638672
2021-10-13,138.43695068359375
2021-10-14,141.23690795898438
2021-10-15,142.29798889160156
2021-10-18,143.97796630859375
2021-10-19,146.14918518066406
2021-10-20,146.64039611816406
2021-10-21,146.85650634765625
2021-10-22,146.08041381835938
2021-10-25,146.03128051757812
2021-10-26,146.6993408203125
2021-10-27,146.2375946044922
2021-10-28,149.89230346679688
2021-10-29,147.17092895507812
2021-11-01,146.34564208984375
2021-11-02,147.38706970214844
2021-11-03,148.8312530517578
2021-11-04,148.3105926513672
2021-11-05,148.8418426513672
2021-11-08,148.01539611816406
2021-11-09,148.37945556640625
2021-11-10,145.5360107421875
2021-11-11,145.48683166503906
2021-11-12,147.57266235351562
2021-11-15,147.5824737548828
2021-11-16,148.5663604736328
2021-11-17,151.01622009277344
2021-11-18,155.3256378173828
2021-11-19,157.96246337890625
2021-11-22,158.42491149902344
2021-11-23,158.80860900878906
2021-11-24,159.33004760742188
2021-11-26,154.28273010253906
2021-11-29,157.65744018554688
2021-11-30,162.63587951660156
2021-12-01,162.1144561767578
2021-12-02,161.12069702148438
2021-12-03,159.23165893554688
2021-12-06,162.65560913085938
2021-12-07,168.42111206054688
2021-12-08,172.25828552246094
2021-12-09,171.74664306640625
2021-12-10,176.557861328125
2021-12-13,172.9076690673828
2021-12-14,171.52037048339844
2021-12-15,176.41029357910156
2021-12-16,169.48373413085938
2021-12-17,168.3817596435547
2021-12-20,167.01417541503906
2021-12-21,170.2019805908203
2021-12-22,172.80926513671875
2021-12-23,173.43896484375
2021-12-27,177.4236602783203
2021-12-28,176.4004364013672
2021-12-29,176.48898315429688
2021-12-30,175.32797241210938
2021-12-31,174.70816040039062
2022-01-03,179.07659912109375
2022-01-04,176.80384826660156
2022-01-05,172.1008758544922
2022-01-06,169.2279052734375
2022-01-07,169.39515686035156
2022-01-10,169.4148406982422
2022-01-11,172.25828552246094
2022-01-12,172.7010498046875
2022-01-13,169.4148406982422
2022-01-14,170.28070068359375
2022-01-18,167.06338500976562
2022-01-19,163.55091857910156
2022-01-20,161.8585968017578
2022-01-21,159.79249572753906
2022-01-24,159.01519775390625
2022-01-25,157.20484924316406
2022-01-26,157.11634826660156
2022-01-27,156.65390014648438
2022-01-28,167.58482360839844
2022-01-31,171.96311950683594
2022-02-01,171.7958526611328
2022-02-02,173.00604248046875
2022-02-03,170.11343383789062
2022-02-04,169.82772827148438
2022-02-07,169.1085968017578
2022-02-08,172.23146057128906
2022-02-09,173.65992736816406
2022-02-10,169.56173706054688
2022-02-11,166.1334686279297
2022-02-14,166.3699188232422
2022-02-15,170.22177124023438
2022-02-16,169.98536682128906
2022-02-17,166.3699188232422
2022-02-18,164.81336975097656
2022-02-22,161.877685546875
2022-02-23,157.69085693359375
2022-02-24,160.32118225097656
2022-02-25,162.3997802734375
2022-02-28,162.66578674316406
2022-03-01,160.77432250976562
2022-03-02,164.0843963623047
2022-03-03,163.75929260253906
2022-03-04,160.74476623535156
2022-03-07,156.9322967529297
2022-03-08,155.0999298095703
2022-03-09,160.52804565429688
2022-03-10,156.1638946533203
2022-03-11,152.4302215576172
2022-03-14,148.38128662109375
2022-03-15,152.78485107421875
2022-03-16,157.2179718017578
2022-03-17,158.23268127441406
2022-03-18,161.54270935058594
2022-03-21,162.9219207763672
2022-03-22,166.310791015625
2022-03-23,167.68014526367188
2022-03-24,171.48277282714844
2022-03-25,172.12310791015625
2022-03-28,172.99000549316406
2022-03-29,176.3001251220703
2022-03-30,175.1277618408203
2022-03-31,172.01473999023438
2022-04-01,171.7191925048828
2022-04-04,175.78781127929688
2022-04-05,172.4580535888672
2022-04-06,169.2760467529297
2022-04-07,169.5814208984375
2022-04-08,167.56192016601562
2022-04-11,163.28643798828125
2022-04-12,165.16802978515625
2022-04-13,167.8673095703125
2022-04-14,162.833251953125
2022-04-18,162.6165313720703
2022-04-19,164.91189575195312
2022-04-20,164.74441528320312
2022-04-21,163.94647216796875
2022-04-22,159.38526916503906
2022-04-25,160.4591064453125
2022-04-26,154.4694366455078
2022-04-27,154.24285888671875
2022-04-28,161.20779418945312
2022-04-29,155.30682373046875
2022-05-02,155.61221313476562
2022-05-03,157.10960388183594
2022-05-04,163.55238342285156
2022-05-05,154.43991088867188
2022-05-06,155.16995239257812
2022-05-09,150.01998901367188
2022-05-10,152.43711853027344
2022-05-11,144.53457641601562
2022-05-12,140.64744567871094
2022-05-13,145.13641357421875
2022-05-16,143.5874481201172
2022-05-17,147.23782348632812
2022-05-18,138.93080139160156
2022-05-19,135.50733947753906
2022-05-20,135.74411010742188
2022-05-23,141.19007873535156
2022-05-24,138.4769744873047
2022-05-25,138.6348419189453
2022-05-26,141.85107421875
2022-05-27,147.6324462890625
2022-05-31,146.8431854248047
2022-06-01,146.71493530273438
2022-06-02,149.181396484375
2022-06-03,143.4296112060547
2022-06-06,144.1793975830078
2022-06-07,146.71493530273438
2022-06-08,145.97499084472656
2022-06-09,140.7263641357422
2022-06-10,135.29029846191406
2022-06-13,130.11073303222656
2022-06-14,130.97889709472656
2022-06-15,133.6130828857422
2022-06-16,128.3151397705078
2022-06-17,129.7950439453125
2022-06-21,134.0471954345703
2022-06-22,133.53416442871094
2022-06-23,136.4149932861328
2022-06-24,139.759521484375
2022-06-27,139.759521484375
2022-06-28,135.59613037109375
2022-06-29,137.3621368408203
2022-06-30,134.88580322265625
2022-07-01,137.06613159179688
2022-07-05,139.6608428955078
2022-07-06,141.00259399414062
2022-07-07,144.38661193847656
2022-07-08,145.0673370361328
2022-07-11,142.92645263671875
2022-07-12,143.90316772460938
2022-07-13,143.53814697265625
2022-07-14,146.47817993164062
2022-07-15,148.1553497314453
2022-07-18,145.09695434570312
2022-07-19,148.9741973876953
2022-07-20,150.98684692382812
2022-07-21,153.26585388183594
2022-07-22,152.0227813720703
2022-07-25,150.89804077148438
2022-07-26,149.56617736816406
2022-07-27,154.6865234375
2022-07-28,155.239013671875
2022-07-29,160.32977294921875
2022-08-01,159.34320068359375
2022-08-02,157.8633575439453
2022-08-03,163.9012451171875
2022-08-04,163.5855255126953
2022-08-05,163.35830688476562
2022-08-08,162.88404846191406
2022-08-09,162.93348693847656
2022-08-10,167.2014617919922
2022-08-11,166.4604949951172
2022-08-12,170.02700805664062
2022-08-15,171.10386657714844
2022-08-16,170.94581604003906
2022-08-17,172.44749450683594
2022-08-18,172.05230712890625
2022-08-19,169.45399475097656
2022-08-22,165.5515594482422
2022-08-23,165.21566772460938
2022-08-24,165.5120391845703
2022-08-25,167.98191833496094
2022-08-26,161.64910888671875
2022-08-29,159.43614196777344
2022-08-30,156.9958953857422
2022-08-31,155.3262176513672
2022-09-01,156.05731201171875
2022-09-02,153.93321228027344
2022-09-06,152.66864013671875
2022-09-07,154.08140563964844
2022-09-08,152.59947204589844
2022-09-09,155.47442626953125
2022-09-12,161.46142578125
2022-09-13,151.9869384765625
2022-09-14,153.4392547607422
2022-09-15,150.53465270996094
2022-09-16,148.884765625
2022-09-19,152.61923217773438
2022-09-20,155.0100860595703
2022-09-21,151.86839294433594
2022-09-22,150.9001922607422
2022-09-23,148.6179962158203
2022-09-26,148.95391845703125
2022-09-27,149.93202209472656
2022-09-28,148.03509521484375
2022-09-29,140.76376342773438
2022-09-30,136.53533935546875
2022-10-03,140.73414611816406
2022-10-04,144.34017944335938
2022-10-05,144.6365509033203
2022-10-06,143.67822265625
2022-10-07,138.4025421142578
2022-10-10,138.72857666015625
2022-10-11,137.305908203125
2022-10-12,136.67364501953125
2022-10-13,141.2676239013672
2022-10-14,136.71316528320312
2022-10-17,140.6946258544922
2022-10-18,142.01849365234375
2022-10-19,142.1271514892578
2022-10-20,141.662841796875
2022-10-21,145.49609375
2022-10-24,147.6498260498047
2022-10-25,150.50502014160156
2022-10-26,147.55101013183594
2022-10-27,143.05584716796875
2022-10-28,153.86404418945312
2022-10-31,151.49298095703125
2022-11-01,148.8353729248047
2022-11-02,143.28305053710938
2022-11-03,137.20713806152344
2022-11-04,136.93995666503906
2022-11-07,137.47433471679688
2022-11-08,138.04830932617188
2022-11-09,133.46646118164062
2022-11-10,145.34161376953125
2022-11-11,148.1421356201172
2022-11-14,146.73690795898438
2022-11-15,148.4786376953125
2022-11-16,147.2416229248047
2022-11-17,149.1515350341797
2022-11-18,149.71559143066406
2022-11-21,146.46974182128906
2022-11-22,148.6171417236328
2022-11-23,149.49789428710938
2022-11-25,146.56869506835938
2022-11-28,142.71917724609375
2022-11-29,139.70091247558594
2022-11-30,146.48953247070312
2022-12-01,146.7666015625
2022-12-02,146.2718048095703
2022-12-05,145.10411071777344
2022-12-06,141.4228057861328
2022-12-07,139.4733123779297
2022-12-08,141.16551208496094
2022-12-09,140.6806182861328
2022-12-12,142.9863739013672
2022-12-13,143.9561767578125
2022-12-14,141.71971130371094
2022-12-15,135.07949829101562
2022-12-16,133.11021423339844
2022-12-19,130.99249267578125
2022-12-20,130.92323303222656
2022-12-21,134.04042053222656
2022-12-22,130.85394287109375
2022-12-23,130.48779296875
2022-12-27,128.67684936523438
2022-12-28,124.7283706665039
2022-12-29,128.26121520996094
2022-12-30,128.57789611816406
2023-01-03,123.76844787597656
2023-01-04,125.04503631591797
2023-01-05,123.7189712524414
2023-01-06,128.27110290527344
2023-01-09,128.7955780029297
2023-01-10,129.36953735351562
2023-01-11,132.10086059570312
2023-01-12,132.0216827392578
2023-01-13,133.3576202392578
2023-01-17,134.5253448486328
2023-01-18,133.80294799804688
2023-01-19,133.86231994628906
2023-01-20,136.43524169921875
2023-01-23,139.64154052734375
2023-01-24,141.0467529296875
2023-01-25,140.38372802734375
2023-01-26,142.4619140625
2023-01-27,144.41139221191406
2023-01-30,141.51187133789062
2023-01-31,142.7884521484375
2023-02-01,143.9165802001953
2023-02-02,149.25050354003906
2023-02-03,152.89218139648438
2023-02-06,150.15101623535156
2023-02-07,153.04063415527344
2023-02-08,150.3390350341797
2023-02-09,149.29995727539062
2023-02-10,149.66668701171875
2023-02-13,152.48143005371094
2023-02-14,151.83718872070312
2023-02-15,153.94827270507812
2023-02-16,152.34266662597656
2023-02-17,151.19297790527344
2023-02-21,147.1591796875
2023-02-22,147.58535766601562
2023-02-23,148.0709991455078
2023-02-24,145.40493774414062
2023-02-27,146.6041717529297
2023-02-28,146.0987091064453
2023-03-01,144.01736450195312
2023-03-02,144.61204528808594
2023-03-03,149.68649291992188
2023-03-06,152.4615936279297
2023-03-07,150.2514190673828
2023-03-08,151.51011657714844
2023-03-09,149.25039672851562
2023-03-10,147.1790008544922
2023-03-13,149.13150024414062
2023-03-14,151.2326202392578
2023-03-15,151.6290740966797
2023-03-16,154.463623046875
2023-03-17,153.62120056152344
2023-03-20,155.99984741210938
2023-03-21,157.86312866210938
2023-03-22,156.426025390625
2023-03-23,157.51620483398438
2023-03-24,158.824462890625
2023-03-27,156.87200927734375
2023-03-28,156.24761962890625
2023-03-29,159.33987426757812
2023-03-30,160.91571044921875
2023-03-31,163.43309020996094
2023-04-03,164.6918487548828
2023-04-04,164.15663146972656
2023-04-05,162.30323791503906
2023-04-06,163.19529724121094
2023-04-10,160.58865356445312
2023-04-11,159.36962890625
2023-04-12,158.6758270263672
2023-04-13,164.08724975585938
2023-04-14,163.74037170410156
2023-04-17,163.7601776123047
2023-04-18,164.98916625976562
2023-04-19,166.13885498046875
2023-04-20,165.1675262451172
2023-04-21,163.55206298828125
2023-04-24,163.85931396484375
2023-04-25,162.3131866455078
2023-04-26,162.30323791503906
2023-04-27,166.9119110107422
2023-04-28,168.17059326171875
2023-05-01,168.08140563964844
2023-05-02,167.04074096679688
2023-05-03,165.96044921875
2023-05-04,164.315185546875
2023-05-05,172.02601623535156
2023-05-08,171.9566192626953
2023-05-09,170.24203491210938
2023-05-10,172.01609802246094
2023-05-11,172.20440673828125
2023-05-12,171.27146911621094
2023-05-15,170.77523803710938
2023-05-16,170.77523803710938
2023-05-17,171.39056396484375
2023-05-18,173.73281860351562
2023-05-19,173.84197998046875
2023-05-22,172.88922119140625
2023-05-23,170.26905822753906
2023-05-24,170.5469512939453
2023-05-25,171.68832397460938
2023-05-26,174.1099395751953
2023-05-30,175.96588134765625
2023-05-31,175.916259765625
2023-06-01,178.73487854003906
2023-06-02,179.58837890625
2023-06-05,178.2287139892578
2023-06-06,177.8615264892578
2023-06-07,176.48196411132812
2023-06-08,179.21128845214844
2023-06-09,179.59837341308594
2023-06-12,182.40704345703125
2023-06-13,181.93064880371094
2023-06-14,182.56582641601562
2023-06-15,184.61033630371094
2023-06-16,183.52853393554688
2023-06-20,183.6178436279297
2023-06-21,182.57577514648438
2023-06-22,185.5928955078125
2023-06-23,185.27528381347656
2023-06-26,183.8759002685547
2023-06-27,186.6448974609375
2023-06-28,187.8259735107422
2023-06-29,188.16339111328125
2023-06-30,192.51046752929688
2023-07-03,191.01181030273438
2023-07-05,189.8903045654297
2023-07-06,190.36668395996094
2023-07-07,189.2451934814453
2023-07-10,187.1907958984375
2023-07-11,186.66476440429688
2023-07-12,188.34205627441406
2023-07-13,189.10623168945312
2023-07-14,189.25514221191406
2023-07-17,192.53028869628906
2023-07-18,192.2722625732422
2023-07-19,193.6319580078125
2023-07-20,191.6767578125
2023-07-21,190.4957275390625
2023-07-24,191.2996063232422
2023-07-25,192.16307067871094
2023-07-26,193.0364532470703
2023-07-27,191.76609802246094
2023-07-28,194.35647583007812
2023-07-31,194.97177124023438
2023-08-01,194.13809204101562
2023-08-02,191.1309051513672
2023-08-03,189.73150634765625
2023-08-04,180.62059020996094
2023-08-07,177.50424194335938
2023-08-08,178.44708251953125
2023-08-09,176.8491973876953
2023-08-10,176.63082885742188
2023-08-11,176.6904754638672
2023-08-14,178.35015869140625
2023-08-15,176.35255432128906
2023-08-16,175.47804260253906
2023-08-17,172.92391967773438
2023-08-18,173.41090393066406
2023-08-21,174.7525177001953
2023-08-22,176.13392639160156
2023-08-23,179.99986267089844
2023-08-24,175.28919982910156
2023-08-25,177.5054168701172
2023-08-28,179.07562255859375
2023-08-29,182.98130798339844
2023-08-30,186.48947143554688
2023-08-31,186.7081298828125
2023-09-01,188.28829956054688
2023-09-05,188.5268096923828
2023-09-06,181.77880859375
2023-09-07,176.46188354492188
2023-09-08,177.0780487060547
2023-09-11,178.25074768066406
2023-09-12,175.20968627929688
2023-09-13,173.1326141357422
2023-09-14,174.6531524658203
2023-09-15,173.9276580810547
2023-09-18,176.86935424804688
2023-09-19,177.96255493164062
2023-09-20,174.4047088623047
2023-09-21,172.85433959960938
2023-09-22,173.70901489257812
2023-09-25,174.9910430908203
2023-09-26,170.89654541015625
2023-09-27,169.3759765625
2023-09-28,169.63436889648438
2023-09-29,170.15115356445312
2023-10-02,172.67547607421875
2023-10-03,171.3337860107422
2023-10-04,172.58599853515625
2023-10-05,173.82827758789062
2023-10-06,176.39231872558594
2023-10-09,177.883056640625
2023-10-10,177.28675842285156
2023-10-11,178.6880340576172
2023-10-12,179.59242248535156
2023-10-13,177.74392700195312
2023-10-16,177.61471557617188
2023-10-17,176.05442810058594
2023-10-18,174.7525177001953
2023-10-19,174.3748779296875
2023-10-20,171.81085205078125
2023-10-23,171.93008422851562
2023-10-24,172.3673553466797
2023-10-25,170.04185485839844
2023-10-26,165.8578643798828
2023-10-27,167.1796417236328
2023-10-30,169.2368621826172
2023-10-31,169.71389770507812
2023-11-01,172.8940887451172
2023-11-02,176.47183227539062
2023-11-03,175.55752563476562
2023-11-06,178.12156677246094
2023-11-07,180.695556640625
2023-11-08,181.75892639160156
2023-11-09,181.2819061279297
2023-11-10,185.49127197265625
2023-11-13,183.89907836914062
2023-11-14,186.5261993408203
2023-11-15,187.09341430664062
2023-11-16,188.78514099121094
2023-11-17,188.76524353027344
2023-11-20,190.5166473388672
2023-11-21,189.71060180664062
2023-11-22,190.3773193359375
2023-11-24,189.0438690185547
2023-11-27,188.86474609375
2023-11-28,189.47177124023438
2023-11-29,188.44679260253906
2023-11-30,189.0239715576172
2023-12-01,190.30767822265625
2023-12-04,188.50650024414062
2023-12-05,192.47703552246094
2023-12-06,191.38241577148438
2023-12-07,193.32290649414062
2023-12-08,194.75587463378906
2023-12-11,192.23822021484375
2023-12-12,193.76077270507812
2023-12-13,196.9949188232422
2023-12-14,197.14418029785156
2023-12-15,196.60682678222656
2023-12-18,194.93499755859375
2023-12-19,195.97988891601562
2023-12-20,193.88018798828125
2023-12-21,193.7308807373047
2023-12-22,192.6561737060547
2023-12-26,192.1088409423828
2023-12-27,192.2083740234375
2023-12-28,192.6362762451172
2023-12-29,191.5913848876953
